CONTINUE WITH ADS	CONTINUAR CON ANUNCIOS	MIT WERBUNG FORTFAHREN	CONTINUER AVEC PUBS	CONTINUA CON ANNUNCI	CONTINUAR COM ANÚNCIOS	ПРОДОЛЖИТЬ С РЕКЛАМОЙ	المتابعة مع الإعلانات	विज्ञापनों के साथ जारी रखें	继续使用广告版	広告付きで続行	광고와 함께 계속	REKLAMLARLA DEVAM	TIẾP TỤC VỚI QUẢNG CÁO	LANJUT DENGAN IKLAN	DOORGAAN MET ADS	KONTYNUUJ Z REKLAMAMI	ПРОДОВЖИТИ З РЕКЛАМОЮ	ดำเนินการต่อพร้อมโฆษณา	ΣΥΝΕΧΕΙΑ ΜΕ ΔΙΑΦΗΜΙΣΕΙΣ
UPGRADE	MEJORAR	UPGRADE	PASSER À PREMIUM	UPGRADE	UPGRADE	ПРЕМИУМ	ترقية	अपग्रेड	升级	アップグレード	업그레이드	YÜKSELT	NÂNG CẤP	UPGRADE	UPGRADEN	ULEPSZ	ПРЕМІУМ	อัปเกรด	ΑΝΑΒΑΘΜΙΣΗ
NOT NOW	AHORA NO	NICHT JETZT	PAS MAINTENANT	NON ORA	AGORA NÃO	НЕ СЕЙЧАС	ليس الآن	अभी नहीं	暂不	後で	나중에	ŞİMDİ DEĞİL	ĐỂ SAU	NANTI SAJA	NU NIET	NIE TERAZ	НЕ ЗАРАЗ	ไว้ทีหลัง	ΟΧΙ ΤΩΡΑ
CONTINUE	CONTINUAR	WEITER	CONTINUER	CONTINUA	CONTINUAR	ПРОДОЛЖИТЬ	متابعة	जारी रखें	继续	続行	계속	DEVAM	TIẾP TỤC	LANJUT	DOORGAAN	KONTYNUUJ	ПРОДОВЖИТИ	ดำเนินการต่อ	ΣΥΝΕΧΕΙΑ
DONE	LISTO	FERTIG	TERMINÉ	FATTO	CONCLUÍDO	ГОТОВО	تم	हो गया	完成	完了	완료	TAMAM	XONG	Selesai	Klaar	Gotowe	Готово	เสร็จสิ้น	Έτοιμο
CANCEL	CANCELAR	ABBRECHEN	ANNULER	ANNULLA	CANCELAR	ОТМЕНА	إلغاء	रद्द करें	取消	キャンセル	취소	İptal	Hủy	Batal	Annuleren	Anuluj	Скасувати	ยกเลิก	Ακύρωση
ALLOW	PERMITIR	ERLAUBEN	AUTORISER	CONSENTI	PERMITIR	РАЗРЕШИТЬ	سماح	अनुमति दें	允许	許可	허용	İZİN VER	CHO PHÉP	IZINKAN	TOESTAAN	ZEZWÓL	ДОЗВОЛИТИ	อนุญาต	ΕΠΙΤΡΕΨΗ
SETTINGS	AJUSTES	EINSTELLUNGEN	PARAMÈTRES	IMPOSTAZIONI	CONFIGURAÇÕES	НАСТРОЙКИ	الإعدادات	सेटिंग्स	设置	設定	설정	Ayarlar	Cài đặt	Pengaturan	Instellingen	Ustawienia	Налаштування	การตั้งค่า	Ρυθμίσεις
REMOVE ADS	QUITAR ANUNCIOS	WERBUNG ENTFERNEN	SUPPRIMER LES PUBS	RIMUOVI ANNUNCI	REMOVER ANÚNCIOS	УБРАТЬ РЕКЛАМУ	إزالة الإعلانات	विज्ञापन हटाएँ	移除广告	広告を削除	광고 제거	REKLAMLARI KALDIR	GỠ QUẢNG CÁO	HAPUS IKLAN	ADS VERWIJDEREN	USUŃ REKLAMY	ПРИБРАТИ РЕКЛАМУ	ลบโฆษณา	ΑΦΑΙΡΕΣΗ ΔΙΑΦΗΜΙΣΕΩΝ
Almost ready...	Casi listo...	Gleich fertig...	Presque prêt...	Quasi pronto...	Quase pronto...	Почти готово...	على وشك الانتهاء...	लगभग तैयार...	即将就绪...	まもなく準備完了...	거의 준비됨...	Neredeyse hazır...	Sắp sẵn sàng...	Hampir siap...	Bijna klaar...	Prawie gotowe...	Майже готово...	เกือบพร้อมแล้ว...	Σχεδόν έτοιμο...
QUICK CLEAN	LIMPIEZA RÁPIDA	SCHNELLREINIGUNG	NETTOYAGE RAPIDE	PULIZIA RAPIDA	LIMPEZA RÁPIDA	БЫСТРАЯ ОЧИСТКА	تنظيف سريع	क्विक क्लीन	快速清理	クイッククリーン	빠른 정리	HIZLI TEMİZLİK	DỌN NHANH	PEMBERSIHAN CEPAT	SNELLE OPSCHONING	SZYBKIE CZYSZCZENIE	ШВИДКЕ ОЧИЩЕННЯ	ทำความสะอาดด่วน	ΓΡΗΓΟΡΟΣ ΚΑΘΑΡΙΣΜΟΣ
Sign In	Iniciar sesión	Anmelden	Connexion	Accedi	Entrar	Вход	تسجيل الدخول	साइन इन	登录	サインイン	로그인	Giriş yap	Đăng nhập	Masuk	Inloggen	Zaloguj	Увійти	ลงชื่อเข้าใช้	Σύνδεση
SIGN OUT	CERRAR SESIÓN	ABMELDEN	DÉCONNEXION	ESCI	SAIR	ВЫЙТИ	تسجيل الخروج	साइन आउट	退出登录	サインアウト	로그아웃	ÇIKIŞ YAP	ĐĂNG XUẤT	KELUAR	UITLOGGEN	WYLOGUJ	ВИЙТИ	ออกจากระบบ	ΑΠΟΣΥΝΔΕΣΗ
Commercial break	Pausa publicitaria	Werbepause	Pause publicitaire	Pausa pubblicitaria	Intervalo comercial	Рекламная пауза	استراحة إعلانية	विज्ञापन विराम	广告休息	コマーシャル	광고 시간	Reklam arası	Giờ quảng cáo	Istirahat iklan	Reclameblok	Przerwa reklamowa	Рекламна пауза	พักโฆษณา	Διαφημιστικό διάλειμμα
Premium feature	Función Premium	Premium-Funktion	Fonction Premium	Funzione Premium	Recurso Premium	Премиум-функция	ميزة مميزة	प्रीमियम सुविधा	高级功能	プレミアム機能	프리미엄 기능	Premium özellik	Tính năng Premium	Fitur Premium	Premiumfunctie	Funkcja Premium	Преміум-функція	ฟีเจอร์พรีเมียม	Premium λειτουργία
Loading ad…	Cargando anuncio…	Anzeige wird geladen…	Chargement de la pub…	Caricamento annuncio…	Carregando anúncio…	Загрузка рекламы…	جارٍ تحميل الإعلان…	विज्ञापन लोड हो रहा है…	正在加载广告…	広告を読み込み中…	광고 로드 중…	Reklam yükleniyor…	Đang tải quảng cáo…	Memuat iklan…	Advertentie laden…	Ładowanie reklamy…	Завантаження реклами…	กำลังโหลดโฆษณา…	Φόρτωση διαφήμισης…
Finding junk…	Buscando basura…	Müll wird gesucht…	Recherche de fichiers indésirables…	Ricerca file inutili…	Procurando lixo…	Поиск мусора…	جارٍ البحث عن المهملات…	जंक खोजा जा रहा है…	正在查找垃圾…	ジャンクを検索中…	정크 찾는 중…	Gereksizler aranıyor…	Đang tìm rác…	Mencari sampah…	Rommel zoeken…	Szukanie śmieci…	Пошук сміття…	กำลังค้นหาขยะ…	Αναζήτηση σκουπιδιών…
LEARN MORE	MÁS INFORMACIÓN	MEHR ERFAHREN	EN SAVOIR PLUS	SCOPRI DI PIÙ	SAIBA MAIS	ПОДРОБНЕЕ	معرفة المزيد	और जानें	了解更多	詳細	자세히 알아보기	DAHA FAZLA	TÌM HIỂU THÊM	PELAJARI LEBIH	MEER INFO	DOWIEDZ SIĘ WIĘCEJ	ДІЗНАТИСЯ БІЛЬШЕ	เรียนรู้เพิ่มเติม	ΜΑΘΕΤΕ ΠΕΡΙΣΣΟΤΕΡΑ
SEE RESULTS	VER RESULTADOS	ERGEBNISSE ANZEIGEN	VOIR LES RÉSULTATS	VEDI RISULTATI	VER RESULTADOS	СМОТРЕТЬ РЕЗУЛЬТАТЫ	عرض النتائج	परिणाम देखें	查看结果	結果を見る	결과 보기	SONUÇLARI GÖR	XEM KẾT QUẢ	LIHAT HASIL	RESULTATEN BEKIJKEN	ZOBACZ WYNIKI	ПЕРЕГЛЯНУТИ РЕЗУЛЬТАТИ	ดูผลลัพธ์	ΔΕΙΤΕ ΑΠΟΤΕΛΕΣΜΑΤΑ
Skip	Omitir	Überspringen	Passer	Salta	Pular	Пропустить	تخطِّ	छोड़ें	跳过	スキップ	건너뛰기	Atla	Bỏ qua	Lewati	Overslaan	Pomiń	Пропустити	ข้าม	Παράλειψη
GO TO SETTINGS	IR A AJUSTES	ZU EINSTELLUNGEN	ALLER AUX PARAMÈTRES	VAI ALLE IMPOSTAZIONI	IR PARA CONFIGURAÇÕES	В НАСТРОЙКИ	الانتقال إلى الإعدادات	सेटिंग्स पर जाएँ	前往设置	設定へ	설정으로 이동	AYARLARA GİT	ĐI TỚI CÀI ĐẶT	BUKA PENGATURAN	NAAR INSTELLINGEN	PRZEJDŹ DO USTAWIEŃ	ДО НАЛАШТУВАНЬ	ไปที่การตั้งค่า	ΜΕΤΑΒΑΣΗ ΣΤΙΣ ΡΥΘΜΙΣΕΙΣ
Your trusted phone cleaner	Tu limpiador de teléfono de confianza	Dein zuverlässiger Handy-Reiniger	Votre nettoyeur de téléphone de confiance	Il tuo pulitore di telefono di fiducia	Seu limpador de telefone confiável	Ваш надёжный очиститель телефона	منظف هاتفك الموثوق	आपका विश्वसनीय फ़ोन क्लीनर	值得信赖的手机清理工具	信頼できる電話クリーナー	믿을 수 있는 휴대폰 클리너	Güvenilir telefon temizleyiciniz	Trình dọn điện thoại đáng tin	Pembersih ponsel terpercaya Anda	Je betrouwbare telefoonopschoner	Twój zaufany czyściciel telefonu	Ваш надійний очисник телефону	ตัวทำความสะอาดโทรศัพท์ที่ไว้ใจได้	Ο αξιόπιστος καθαριστής τηλεφώνου σας
START HERE	EMPIEZA AQUÍ	HIER STARTEN	COMMENCER ICI	INIZIA QUI	COMECE AQUI	НАЧАТЬ ЗДЕСЬ	ابدأ هنا	यहाँ शुरू करें	从这里开始	ここから始める	여기서 시작	BURADAN BAŞLA	BẮT ĐẦU TẠI ĐÂY	MULAI DI SINI	HIER BEGINNEN	ZACZNIJ TUTAJ	ПОЧАТИ ТУТ	เริ่มที่นี่	ΞΕΚΙΝΗΣΤΕ ΕΔΩ
TRY AGAIN	REINTENTAR	ERNEUT VERSUCHEN	RÉESSAYER	RIPROVA	TENTAR DE NOVO	ПОВТОРИТЬ	أعد المحاولة	फिर कोशिश करें	重试	再試行	다시 시도	TEKRAR DENE	THỬ LẠI	COBA LAGI	OPNIEUW	SPRÓBUJ PONOWNIE	СПРОБУВАТИ ЗНОВУ	ลองอีกครั้ง	ΔΟΚΙΜΑΣΤΕ ΞΑΝΑ
FINISH CLEANING	TERMINAR LIMPIEZA	REINIGUNG ABSCHLIESSEN	TERMINER LE NETTOYAGE	TERMINA PULIZIA	CONCLUIR LIMPEZA	ЗАВЕРШИТЬ ОЧИСТКУ	إنهاء التنظيف	सफ़ाई समाप्त करें	完成清理	クリーニングを完了	정리 완료	TEMİZLİĞİ BİTİR	HOÀN TẤT DỌN DẸP	SELESAIKAN PEMBERSIHAN	OPSCHONING AFRONDEN	ZAKOŃCZ CZYSZCZENIE	ЗАВЕРШИТИ ОЧИЩЕННЯ	ทำความสะอาดให้เสร็จ	ΟΛΟΚΛΗΡΩΣΗ ΚΑΘΑΡΙΣΜΟΥ
Cleaning…	Limpiando…	Reinigen…	Nettoyage…	Pulizia…	Limpando…	Очистка…	جارٍ التنظيف…	साफ़ हो रहा है…	正在清理…	クリーニング中…	정리 중…	Temizleniyor…	Đang dọn…	Membersihkan…	Opschonen…	Czyszczenie…	Очищення…	กำลังทำความสะอาด…	Καθαρισμός…
SELECT ALL	SELECCIONAR TODO	ALLE AUSWÄHLEN	TOUT SÉLECTIONNER	SELEZIONA TUTTO	SELECIONAR TUDO	ВЫБРАТЬ ВСЁ	تحديد الكل	सभी चुनें	全选	すべて選択	모두 선택	TÜMÜNÜ SEÇ	CHỌN TẤT CẢ	PILIH SEMUA	ALLES SELECTEREN	ZAZNACZ WSZYSTKO	ВИБРАТИ ВСЕ	เลือกทั้งหมด	ΕΠΙΛΟΓΗ ΟΛΩΝ
DESELECT ALL	DESELECCIONAR TODO	AUSWAHL AUFHEBEN	TOUT DÉSÉLECTIONNER	DESELEZIONA TUTTO	DESMARCAR TUDO	СНЯТЬ ВЫБОР	إلغاء تحديد الكل	चयन हटाएँ	取消全选	選択解除	선택 해제	SEÇİMİ KALDIR	BỎ CHỌN	BATAL PILIH	SELECTIE OPHEFFEN	ODZNACZ WSZYSTKO	ЗНЯТИ ВИБІР	ยกเลิกการเลือก	ΚΑΘΑΡΙΣΜΟΣ ΕΠΙΛΟΓΗΣ
DELETE SELECTED	ELIMINAR SELECCIONADOS	AUSGEWÄHLTE LÖSCHEN	SUPPRIMER LA SÉLECTION	ELIMINA SELEZIONATI	EXCLUIR SELECIONADOS	УДАЛИТЬ ВЫБРАННОЕ	حذف المحدد	चयनित हटाएँ	删除所选	選択を削除	선택 항목 삭제	SEÇİLENLERİ SİL	XÓA ĐÃ CHỌN	HAPUS YANG DIPILIH	SELECTIE VERWIJDEREN	USUŃ ZAZNACZONE	ВИДАЛИТИ ВИБРАНЕ	ลบที่เลือก	ΔΙΑΓΡΑΦΗ ΕΠΙΛΕΓΜΕΝΩΝ
UNINSTALL	DESINSTALAR	DEINSTALLIEREN	DÉSINSTALLER	DISINSTALLA	DESINSTALAR	УДАЛИТЬ	إلغاء التثبيت	अनइंस्टॉल	卸载	アンインストール	삭제	KALDIR	GỠ CÀI ĐẶT	COPOT	VERWIJDEREN	ODINSTALUJ	ВИДАЛИТИ	ถอนการติดตั้ง	ΑΠΕΓΚΑΤΑΣΤΑΣΗ
GRANT ACCESS	CONCEDER ACCESO	ZUGRIFF GEWÄHREN	AUTORISER L'ACCÈS	CONCEDI ACCESSO	CONCEDER ACESSO	РАЗРЕШИТЬ ДОСТУП	منح الوصول	एक्सेस दें	授予访问权限	アクセスを許可	액세스 허용	ERİŞİM VER	CẤP QUYỀN	BERI AKSES	TOEGANG VERLENEN	UDZIEL DOSTĘPU	НАДАТИ ДОСТУП	ให้สิทธิ์เข้าถึง	ΠΑΡΟΧΗ ΠΡΟΣΒΑΣΗΣ
CONNECT	CONECTAR	VERBINDEN	CONNECTER	CONNETTI	CONECTAR	ПОДКЛЮЧИТЬ	اتصال	कनेक्ट	连接	接続	연결	BAĞLAN	KẾT NỐI	HUBUNGKAN	VERBINDEN	POŁĄCZ	ПІДКЛЮЧИТИ	เชื่อมต่อ	ΣΥΝΔΕΣΗ
DISCONNECT	DESCONECTAR	TRENNEN	DÉCONNECTER	DISCONNETTI	DESCONECTAR	ОТКЛЮЧИТЬ	قطع الاتصال	डिस्कनेक्ट	断开	切断	연결 해제	BAĞLANTIYI KES	NGẮT KẾT NỐI	PUTUSKAN	ONTKOPPELEN	ROZŁĄCZ	ВІДКЛЮЧИТИ	ตัดการเชื่อมต่อ	ΑΠΟΣΥΝΔΕΣΗ
Yearly	Anual	Jährlich	Annuel	Annuale	Anual	Ежегодно	سنوي	वार्षिक	按年	年額	연간	Yıllık	Hàng năm	Tahunan	Jaarlijks	Rocznie	Щорічно	รายปี	Ετήσια
Monthly	Mensual	Monatlich	Mensuel	Mensile	Mensal	Ежемесячно	شهري	मासिक	按月	月額	월간	Aylık	Hàng tháng	Bulanan	Maandelijks	Miesięcznie	Щомісяця	รายเดือน	Μηνιαία
YEARLY	ANUAL	JÄHRLICH	ANNUEL	ANNUALE	ANUAL	ЕЖЕГОДНО	سنوي	वार्षिक	按年	年額	연간	YILLIK	HÀNG NĂM	TAHUNAN	JAARLIJKS	ROCZNIE	ЩОРІЧНО	รายปี	ΕΤΗΣΙΑ
MONTHLY	MENSUAL	MONATLICH	MENSUEL	MENSILE	MENSAL	ЕЖЕМЕСЯЧНО	شهري	मासिक	按月	月額	월간	AYLIK	HÀNG THÁNG	BULANAN	MAANDELIJKS	MIESIĘCZNIE	ЩОМІСЯЦЯ	รายเดือน	ΜΗΝΙΑΙΑ
Close	Cerrar	Schließen	Fermer	Chiudi	Fechar	Закрыть	إغلاق	बंद करें	关闭	閉じる	닫기	Kapat	Đóng	Tutup	Sluiten	Zamknij	Закрити	ปิด	Κλείσιμο
Already purchased?	¿Ya lo compraste?	Bereits gekauft?	Déjà acheté ?	Già acquistato?	Já comprou?	Уже купили?	هل اشتريت بالفعل؟	पहले से खरीदा है?	已经购买？	すでに購入済みですか？	이미 구매하셨나요?	Zaten satın aldınız mı?	Đã mua?	Sudah dibeli?	Al gekocht?	Już kupiono?	Вже придбали?	ซื้อแล้ว?	Ήδη αγορασμένο;
Automatic Cleaning	Limpieza automática	Automatische Reinigung	Nettoyage auto	Pulizia automatica	Limpeza automática	Автоочистка	تنظيف تلقائي	ऑटो क्लीनिंग	自动清理	自動クリーニング	자동 정리	Otomatik Temizlik	Tự động dọn	Pembersihan Otomatis	Automatisch opschonen	Automatyczne czyszczenie	Автоочищення	ทำความสะอาดอัตโนมัติ	Αυτόματος καθαρισμός
AVG recommends	AVG recomienda	AVG empfiehlt	AVG recommande	AVG consiglia	AVG recomenda	AVG рекомендует	توصي AVG	AVG सुझाता है	AVG 推荐	AVGのおすすめ	AVG 추천	AVG önerir	AVG đề xuất	AVG merekomendasikan	AVG raadt aan	AVG poleca	AVG рекомендує	AVG แนะนำ	Η AVG προτείνει
INSTALL FOR FREE	INSTALAR GRATIS	KOSTENLOS INSTALLIEREN	INSTALLER GRATUITEMENT	INSTALLA GRATIS	INSTALAR GRÁTIS	УСТАНОВИТЬ БЕСПЛАТНО	تثبيت مجاني	मुफ़्त इंस्टॉल	免费安装	無料でインストール	무료 설치	ÜCRETSİZ YÜKLE	CÀI MIỄN PHÍ	INSTAL GRATIS	GRATIS INSTALLEREN	ZAINSTALUJ ZA DARMO	ВСТАНОВИТИ БЕЗКОШТОВНО	ติดตั้งฟรี	ΔΩΡΕΑΝ ΕΓΚΑΤΑΣΤΑΣΗ
INSTALL VPN	INSTALAR VPN	VPN INSTALLIEREN	INSTALLER LE VPN	INSTALLA VPN	INSTALAR VPN	УСТАНОВИТЬ VPN	تثبيت VPN	VPN इंस्टॉल	安装 VPN	VPNをインストール	VPN 설치	VPN YÜKLE	CÀI VPN	INSTAL VPN	VPN INSTALLEREN	ZAINSTALUJ VPN	ВСТАНОВИТИ VPN	ติดตั้ง VPN	ΕΓΚΑΤΑΣΤΑΣΗ VPN
Used space	Espacio usado	Belegter Speicher	Espace utilisé	Spazio usato	Espaço usado	Занято	المساحة المستخدمة	उपयोग में जगह	已用空间	使用中	사용 중	Kullanılan alan	Đã dùng	Ruang terpakai	Gebruikte ruimte	Zajęte	Зайнято	พื้นที่ที่ใช้	Χρησιμοποιημένος χώρος
Free space	Espacio libre	Freier Speicher	Espace libre	Spazio libero	Espaço livre	Свободно	المساحة الحرة	खाली जगह	可用空间	空き容量	남은 공간	Boş alan	Dung lượng trống	Ruang kosong	Vrije ruimte	Wolne miejsce	Вільне місце	พื้นที่ว่าง	Ελεύθερος χώρος
MANAGE ACCOUNT	ADMINISTRAR CUENTA	KONTO VERWALTEN	GÉRER LE COMPTE	GESTISCI ACCOUNT	GERENCIAR CONTA	УПРАВЛЕНИЕ АККАУНТОМ	إدارة الحساب	अकाउंट प्रबंधित करें	管理账户	アカウント管理	계정 관리	HESABI YÖNET	QUẢN LÝ TÀI KHOẢN	KELOLA AKUN	ACCOUNT BEHEREN	ZARZĄDZAJ KONTEM	КЕРУВАТИ ОБЛІКОВИМ ЗАПИСОМ	จัดการบัญชี	ΔΙΑΧΕΙΡΙΣΗ ΛΟΓΑΡΙΑΣΜΟΥ
Your plan	Tu plan	Dein Plan	Votre offre	Il tuo piano	Seu plano	Ваш план	خطتك	आपकी योजना	你的方案	ご利用プラン	내 요금제	Planınız	Gói của bạn	Paket Anda	Je abonnement	Twój plan	Ваш план	แผนของคุณ	Το πλάνο σας
Free	Gratis	Kostenlos	Gratuit	Gratis	Grátis	Бесплатно	مجاني	मुफ़्त	免费	無料	무료	Ücretsiz	Miễn phí	Gratis	Gratis	Bezpłatny	Безкоштовно	ฟรี	Δωρεάν
Preferences	Preferencias	Einstellungen	Préférences	Preferenze	Preferências	Настройки	التفضيلات	प्राथमिकताएँ	偏好设置	設定	환경설정	Tercihler	Tùy chọn	Preferensi	Voorkeuren	Preferencje	Параметри	การตั้งค่า	Προτιμήσεις
About this app	Acerca de esta app	Über diese App	À propos de cette appli	Informazioni sull'app	Sobre este app	О приложении	حول هذا التطبيق	इस ऐप के बारे में	关于此应用	このアプリについて	이 앱 정보	Bu uygulama hakkında	Giới thiệu ứng dụng	Tentang aplikasi ini	Over deze app	O tej aplikacji	Про цю програму	เกี่ยวกับแอปนี้	Σχετικά με αυτή την εφαρμογή
Installed	Instalado	Installiert	Installé	Installata	Instalado	Установлено	مثبّت	इंस्टॉल	已安装	インストール済み	설치됨	Yüklü	Đã cài	Terpasang	Geïnstalleerd	Zainstalowano	Встановлено	ติดตั้งแล้ว	Εγκατεστημένο
Not installed	No instalado	Nicht installiert	Non installé	Non installata	Não instalado	Не установлено	غير مثبّت	इंस्टॉल नहीं	未安装	未インストール	설치 안 됨	Yüklü değil	Chưa cài	Belum terpasang	Niet geïnstalleerd	Nie zainstalowano	Не встановлено	ยังไม่ได้ติดตั้ง	Μη εγκατεστημένο
OPTIMIZE	OPTIMIZAR	OPTIMIEREN	OPTIMISER	OTTIMIZZA	OTIMIZAR	ОПТИМИЗИРОВАТЬ	تحسين	ऑप्टिमाइज़	优化	最適化	최적화	OPTİMİZE ET	TỐI ƯU	OPTIMALKAN	OPTIMALISEREN	OPTYMALIZUJ	ОПТИМІЗУВАТИ	ปรับแต่ง	ΒΕΛΤΙΣΤΟΠΟΙΗΣΗ
REVIEW AND CLEAN	REVISAR Y LIMPIAR	PRÜFEN UND REINIGEN	EXAMINER ET NETTOYER	CONTROLLA E PULISCI	REVISAR E LIMPAR	ПРОВЕРИТЬ И ОЧИСТИТЬ	مراجعة وتنظيف	समीक्षा और साफ़ करें	检查并清理	確認してクリーン	검토 후 정리	İNCELE VE TEMİZLE	XEM VÀ DỌN	TINJAU DAN BERSIHKAN	CONTROLEREN EN OPSCHONEN	SPRAWDŹ I WYCZYŚĆ	ПЕРЕВІРИТИ Й ОЧИСТИТИ	ตรวจสอบและล้าง	ΈΛΕΓΧΟΣ ΚΑΙ ΚΑΘΑΡΙΣΜΟΣ
CHECK NOW	COMPROBAR AHORA	JETZT PRÜFEN	VÉRIFIER MAINTENANT	CONTROLLA ORA	VERIFICAR AGORA	ПРОВЕРИТЬ СЕЙЧАС	تحقق الآن	अभी जाँचें	立即检查	今すぐ確認	지금 확인	ŞİMDİ KONTROL ET	KIỂM TRA NGAY	PERIKSA SEKARANG	NU CONTROLEREN	SPRAWDŹ TERAZ	ПЕРЕВІРИТИ ЗАРАЗ	ตรวจสอบตอนนี้	ΕΛΕΓΧΟΣ ΤΩΡΑ
SHOW ALL	MOSTRAR TODO	ALLE ANZEIGEN	TOUT AFFICHER	MOSTRA TUTTO	MOSTRAR TUDO	ПОКАЗАТЬ ВСЁ	عرض الكل	सभी दिखाएँ	显示全部	すべて表示	모두 표시	TÜMÜNÜ GÖSTER	HIỆN TẤT CẢ	TAMPILKAN SEMUA	ALLES TONEN	POKAŻ WSZYSTKO	ПОКАЗАТИ ВСЕ	แสดงทั้งหมด	ΕΜΦΑΝΙΣΗ ΟΛΩΝ
SEE ALL DETAILS	VER TODOS LOS DETALLES	ALLE DETAILS	VOIR TOUS LES DÉTAILS	VEDI TUTTI I DETTAGLI	VER TODOS OS DETALHES	СМОТРЕТЬ ВСЕ ДЕТАЛИ	عرض كل التفاصيل	सभी विवरण देखें	查看全部详情	詳細をすべて見る	모든 세부정보 보기	TÜM AYRINTILARI GÖR	XEM MỌI CHI TIẾT	LIHAT SEMUA DETAIL	ALLE DETAILS	ZOBACZ WSZYSTKIE SZCZEGÓŁY	УСІ ПОДРОБИЦІ	ดูรายละเอียดทั้งหมด	ΔΕΙΤΕ ΟΛΕΣ ΤΙΣ ΛΕΠΤΟΜΕΡΕΙΕΣ
OPEN QUICK CLEAN	ABRIR LIMPIEZA RÁPIDA	SCHNELLREINIGUNG ÖFFNEN	OUVRIR NETTOYAGE RAPIDE	APRI PULIZIA RAPIDA	ABRIR LIMPEZA RÁPIDA	ОТКРЫТЬ БЫСТРУЮ ОЧИСТКУ	فتح التنظيف السريع	क्विक क्लीन खोलें	打开快速清理	クイッククリーンを開く	빠른 정리 열기	HIZLI TEMİZLİĞİ AÇ	MỞ DỌN NHANH	BUKA PEMBERSIHAN CEPAT	SNELLE OPSCHONING OPENEN	OTWÓRZ SZYBKIE CZYSZCZENIE	ВІДКРИТИ ШВИДКЕ ОЧИЩЕННЯ	เปิดทำความสะอาดด่วน	ΆΝΟΙΓΜΑ ΓΡΗΓΟΡΟΥ ΚΑΘΑΡΙΣΜΟΥ
SELECT APPS	SELECCIONAR APPS	APPS AUSWÄHLEN	SÉLECTIONNER DES APPLIS	SELEZIONA APP	SELECIONAR APPS	ВЫБРАТЬ ПРИЛОЖЕНИЯ	تحديد التطبيقات	ऐप्स चुनें	选择应用	アプリを選択	앱 선택	UYGULAMA SEÇ	CHỌN ỨNG DỤNG	PILIH APLIKASI	APPS SELECTEREN	WYBIERZ APLIKACJE	ВИБРАТИ ПРОГРАМИ	เลือกแอป	ΕΠΙΛΟΓΗ ΕΦΑΡΜΟΓΩΝ
OPTIMIZE PHOTOS	OPTIMIZAR FOTOS	FOTOS OPTIMIEREN	OPTIMISER LES PHOTOS	OTTIMIZZA FOTO	OTIMIZAR FOTOS	ОПТИМИЗИРОВАТЬ ФОТО	تحسين الصور	फ़ोटो ऑप्टिमाइज़ करें	优化照片	写真を最適化	사진 최적화	FOTOĞRAFLARI OPTİMİZE ET	TỐI ƯU ẢNH	OPTIMALKAN FOTO	FOTO'S OPTIMALISEREN	OPTYMALIZUJ ZDJĘCIA	ОПТИМІЗУВАТИ ФОТО	ปรับแต่งรูปภาพ	ΒΕΛΤΙΣΤΟΠΟΙΗΣΗ ΦΩΤΟΓΡΑΦΙΩΝ
MANAGE CLOUD SERVICES	ADMINISTRAR SERVICIOS EN LA NUBE	CLOUD-DIENSTE VERWALTEN	GÉRER LES SERVICES CLOUD	GESTISCI SERVIZI CLOUD	GERENCIAR SERVIÇOS NA NUVEM	УПРАВЛЕНИЕ ОБЛАЧНЫМИ СЕРВИСАМИ	إدارة خدمات السحابة	क्लाउड सेवाएँ प्रबंधित करें	管理云服务	クラウドサービスを管理	클라우드 서비스 관리	BULUT HİZMETLERİNİ YÖNET	QUẢN LÝ DỊCH VỤ ĐÁM MÂY	KELOLA LAYANAN CLOUD	CLOUDSERVICES BEHEREN	ZARZĄDZAJ USŁUGAMI W CHMURZE	КЕРУВАТИ ХМАРНИМИ СЛУЖБАМИ	จัดการบริการคลาวด์	ΔΙΑΧΕΙΡΙΣΗ ΥΠΗΡΕΣΙΩΝ CLOUD
Connected	Conectado	Verbunden	Connecté	Connesso	Conectado	Подключено	متصل	कनेक्टेड	已连接	接続済み	연결됨	Bağlı	Đã kết nối	Terhubung	Verbonden	Połączono	Підключено	เชื่อมต่อแล้ว	Συνδεδεμένο
FAQs	Preguntas frecuentes	FAQs	FAQ	FAQ	Perguntas frequentes	Вопросы и ответы	الأسئلة الشائعة	प्रश्नोत्तर	常见问题	よくある質問	자주 묻는 질문	SSS	Câu hỏi thường gặp	FAQ	Veelgestelde vragen	FAQ	Поширені запитання	คำถามที่พบบ่อย	Συχνές ερωτήσεις
Email	Correo	E-Mail	E-mail	Email	E-mail	Эл. почта	البريد	ईमेल	邮箱	メール	이메일	E-posta	Email	Email	E-mail	E-mail	Ел. пошта	อีเมล	Email
Password	Contraseña	Passwort	Mot de passe	Password	Senha	Пароль	كلمة المرور	पासवर्ड	密码	パスワード	비밀번호	Parola	Mật khẩu	Kata sandi	Wachtwoord	Hasło	Пароль	รหัสผ่าน	Κωδικός
ACTIVATE	ACTIVAR	AKTIVIEREN	ACTIVER	ATTIVA	ATIVAR	АКТИВИРОВАТЬ	تفعيل	सक्रिय करें	激活	有効化	활성화	ETKİNLEŞTİR	KÍCH HOẠT	AKTIFKAN	ACTIVEREN	AKTYWUJ	АКТИВУВАТИ	เปิดใช้	ΕΝΕΡΓΟΠΟΙΗΣΗ
Activation code	Código de activación	Aktivierungscode	Code d'activation	Codice di attivazione	Código de ativação	Код активации	رمز التفعيل	सक्रियण कोड	激活码	アクティベーションコード	활성화 코드	Etkinleştirme kodu	Mã kích hoạt	Kode aktivasi	Activeringscode	Kod aktywacyjny	Код активації	รหัสเปิดใช้	Κωδικός ενεργοποίησης
Premium	Premium	Premium	Premium	Premium	Premium	Premium	بريميوم	प्रीमियम	高级版	プレミアム	프리미엄	Premium	Premium	Premium	Premium	Premium	Premium	พรีเมียม	Premium
Enabled	Activado	Aktiviert	Activé	Attivato	Ativado	Включено	مفعّل	सक्षम	已启用	有効	사용	Etkin	Đã bật	Diaktifkan	Ingeschakeld	Włączone	Увімкнено	เปิดใช้	Ενεργό
Disabled	Desactivado	Deaktiviert	Désactivé	Disattivato	Desativado	Отключено	معطّل	अक्षम	已禁用	無効	사용 안 함	Devre dışı	Đã tắt	Dinonaktifkan	Uitgeschakeld	Wyłączone	Вимкнено	ปิดใช้	Ανενεργό
Help & info	Ayuda e info	Hilfe & Info	Aide et infos	Aiuto e info	Ajuda e info	Справка	المساعدة والمعلومات	सहायता और जानकारी	帮助与信息	ヘルプと情報	도움말 및 정보	Yardım ve bilgi	Trợ giúp & thông tin	Bantuan & info	Hulp & info	Pomoc i info	Довідка	ความช่วยเหลือและข้อมูล	Βοήθεια και πληροφορίες
Help & Feedback	Ayuda y comentarios	Hilfe & Feedback	Aide et commentaires	Aiuto e feedback	Ajuda e feedback	Справка и отзывы	المساعدة والتعليقات	सहायता और प्रतिक्रिया	帮助与反馈	ヘルプとフィードバック	도움말 및 피드백	Yardım ve geri bildirim	Trợ giúp & phản hồi	Bantuan & masukan	Hulp & feedback	Pomoc i opinie	Допомога та відгуки	ความช่วยเหลือและข้อเสนอแนะ	Βοήθεια και σχόλια
Open source	Código abierto	Open Source	Open source	Open source	Código aberto	Открытый код	مفتوح المصدر	ओपन सोर्स	开源	オープンソース	오픈소스	Açık kaynak	Mã nguồn mở	Open source	Open source	Open source	Відкритий код	โอเพนซอร์ส	Ανοιχτού κώδικα
Reduce Load	Reducir carga	Last reduzieren	Réduire la charge	Riduci carico	Reduzir carga	Снизить нагрузку	تقليل الحمل	लोड कम करें	减轻负载	負荷を減らす	부하 줄이기	Yükü azalt	Giảm tải	Kurangi beban	Belasting verlagen	Zmniejsz obciążenie	Зменшити навантаження	ลดภาระ	Μείωση φορτίου
More by AVG	Más de AVG	Mehr von AVG	Plus d'AVG	Altro da AVG	Mais da AVG	Ещё от AVG	المزيد من AVG	AVG से और	更多 AVG	AVGのその他	AVG의 더보기	AVG'den daha fazlası	Thêm từ AVG	Lainnya dari AVG	Meer van AVG	Więcej od AVG	Більше від AVG	เพิ่มเติมจาก AVG	Περισσότερα από την AVG
Device	Dispositivo	Gerät	Appareil	Dispositivo	Dispositivo	Устройство	الجهاز	डिवाइस	设备	デバイス	기기	Cihaz	Thiết bị	Perangkat	Apparaat	Urządzenie	Пристрій	อุปกรณ์	Συσκευή
Apps Overview	Resumen de apps	Apps-Übersicht	Aperçu des applis	Panoramica app	Visão geral de apps	Обзор приложений	نظرة عامة على التطبيقات	ऐप्स अवलोकन	应用概览	アプリ概要	앱 개요	Uygulama özeti	Tổng quan ứng dụng	Ikhtisar aplikasi	Apps-overzicht	Przegląd aplikacji	Огляд програм	ภาพรวมแอป	Επισκόπηση εφαρμογών
Nothing found here.	No se encontró nada aquí.	Nichts gefunden.	Rien trouvé ici.	Nessun risultato.	Nada encontrado aqui.	Ничего не найдено.	لم يُعثر على شيء.	यहाँ कुछ नहीं मिला.	此处未找到内容。	ここには何もありません。	여기에 항목이 없습니다.	Burada bir şey bulunamadı.	Không tìm thấy gì ở đây.	Tidak ada di sini.	Hier niets gevonden.	Nic tu nie znaleziono.	Тут нічого не знайдено.	ไม่พบอะไรที่นี่	Δεν βρέθηκε τίποτα εδώ.
You're all set and ready to clean!	¡Todo listo para limpiar!	Alles bereit zum Reinigen!	Tout est prêt pour nettoyer !	Tutto pronto per pulire!	Tudo pronto para limpar!	Всё готово к очистке!	أنت جاهز للتنظيف!	आप सफ़ाई के लिए तैयार हैं!	一切就绪，可以开始清理！	クリーンの準備完了！	정리할 준비가 되었습니다!	Temizliğe hazırsınız!	Đã sẵn sàng để dọn dẹp!	Siap membersihkan!	Alles klaar om op te schonen!	Wszystko gotowe do czyszczenia!	Усе готово до очищення!	พร้อมทำความสะอาดแล้ว!	Είστε έτοιμοι για καθαρισμό!
Give us access	Danos acceso	Zugriff gewähren	Donnez-nous l'accès	Concedici l'accesso	Dê-nos acesso	Дайте доступ	امنحنا الوصول	हमें एक्सेस दें	授予我们访问权限	アクセスを許可	액세스 허용	Erişim ver	Cấp quyền truy cập	Beri kami akses	Geef ons toegang	Udziel dostępu	Надайте доступ	ให้สิทธิ์เข้าถึง	Παραχωρήστε πρόσβαση
Scan for junk	Buscar basura	Nach Müll suchen	Rechercher des fichiers indésirables	Cerca file inutili	Procurar lixo	Искать мусор	البحث عن المهملات	जंक खोजें	扫描垃圾	ジャンクをスキャン	정크 검색	Gereksizleri tara	Quét rác	Pindai sampah	Rommel scannen	Skanuj śmieci	Шукати сміття	สแกนหาขยะ	Σάρωση για σκουπίδια
Granted	Concedido	Erlaubt	Accordé	Concesso	Concedido	Разрешено	ممنوح	अनुमति मिली	已授予	許可済み	허용됨	Verildi	Đã cấp	Diberikan	Toegestaan	Przyznano	Надано	ได้รับอนุญาต	Εγκρίθηκε
ALLOW PERMISSION	PERMITIR PERMISO	ERLAUBNIS ERLAUBEN	AUTORISER	CONSENTI PERMESSO	PERMITIR PERMISSÃO	РАЗРЕШИТЬ	السماح	अनुमति दें	允许权限	権限を許可	권한 허용	İZİN VER	CHO PHÉP	IZINKAN	TOESTEMMING	ZEZWÓL	ДОЗВОЛИТИ	อนุญาต	ΕΠΙΤΡΕΨΗ
All files access	Acceso a todos los archivos	Zugriff auf alle Dateien	Accès à tous les fichiers	Accesso a tutti i file	Acesso a todos os arquivos	Доступ ко всем файлам	الوصول إلى كل الملفات	सभी फ़ाइलों तक पहुँच	所有文件访问	すべてのファイルへのアクセス	모든 파일 액세스	Tüm dosyalara erişim	Truy cập mọi tệp	Akses semua file	Toegang tot alle bestanden	Dostęp do wszystkich plików	Доступ до всіх файлів	การเข้าถึงไฟล์ทั้งหมด	Πρόσβαση σε όλα τα αρχεία
Usage access	Acceso de uso	Nutzungszugriff	Accès d'utilisation	Accesso all'utilizzo	Acesso de uso	Доступ к использованию	وصول الاستخدام	उपयोग एक्सेस	使用情况访问	使用状況へのアクセス	사용 정보 액세스	Kullanım erişimi	Quyền truy cập sử dụng	Akses penggunaan	Gebruikstoegang	Dostęp do użycia	Доступ до використання	การเข้าถึงการใช้งาน	Πρόσβαση χρήσης
Couldn't finish the scan	No se pudo terminar el análisis	Scan konnte nicht abgeschlossen werden	Impossible de terminer l'analyse	Impossibile completare la scansione	Não foi possível concluir a análise	Не удалось завершить сканирование	تعذّر إنهاء الفحص	स्कैन पूरा नहीं हो सका	无法完成扫描	スキャンを完了できませんでした	검사를 마치지 못했습니다	Tarama tamamlanamadı	Không thể hoàn tất quét	Tidak bisa menyelesaikan pemindaian	Scan kon niet worden voltooid	Nie udało się ukończyć skanowania	Не вдалося завершити сканування	สแกนไม่สำเร็จ	Δεν ήταν δυνατή η ολοκλήρωση της σάρωσης
Gathering tips…	Reuniendo consejos…	Tipps werden gesammelt…	Collecte des astuces…	Raccolta suggerimenti…	Reunindo dicas…	Сбор советов…	جارٍ جمع النصائح…	टिप्स एकत्रित…	正在收集提示…	ヒントを収集中…	팁 수집 중…	İpuçları toplanıyor…	Đang thu thập mẹo…	Mengumpulkan tips…	Tips verzamelen…	Zbieranie wskazówek…	Збір порад…	กำลังรวบรวมเคล็ดลับ…	Συλλογή συμβουλών…
Ad unavailable — tap X when ready	Anuncio no disponible — toca X cuando esté listo	Anzeige nicht verfügbar — tippen Sie X wenn bereit	Pub indisponible — touchez X quand prêt	Annuncio non disponibile — tocca X quando pronto	Anúncio indisponível — toque X quando pronto	Реклама недоступна — нажмите X, когда готово	الإعلان غير متاح — انقر X عند الجاهزية	विज्ञापन उपलब्ध नहीं — तैयार होने पर X टैप करें	广告不可用 — 准备好后点 X	広告を利用できません — 準備できたらXをタップ	광고를 사용할 수 없음 — 준비되면 X 탭	Reklam yok — hazır olunca X'e dokunun	Quảng cáo không khả dụng — chạm X khi sẵn sàng	Iklan tidak tersedia — ketuk X saat siap	Advertentie niet beschikbaar — tik X wanneer klaar	Reklama niedostępna — dotknij X, gdy gotowe	Реклама недоступна — торкніться X, коли готово	โฆษณาไม่พร้อม — แตะ X เมื่อพร้อม	Η διαφήμιση δεν είναι διαθέσιμη — πατήστε X όταν είστε έτοιμοι
Close ad	Cerrar anuncio	Anzeige schließen	Fermer la pub	Chiudi annuncio	Fechar anúncio	Закрыть рекламу	إغلاق الإعلان	विज्ञापन बंद करें	关闭广告	広告を閉じる	광고 닫기	Reklamı kapat	Đóng quảng cáo	Tutup iklan	Advertentie sluiten	Zamknij reklamę	Закрити рекламу	ปิดโฆษณา	Κλείσιμο διαφήμισης
Signed in	Sesión iniciada	Angemeldet	Connecté	Accesso effettuato	Conectado	Вы вошли	تم تسجيل الدخول	साइन इन	已登录	サインイン済み	로그인됨	Oturum açık	Đã đăng nhập	Sudah masuk	Ingelogd	Zalogowano	Увійшли	ลงชื่อเข้าใช้แล้ว	Συνδεδεμένοι
Your IP address is visible	Tu dirección IP es visible	Deine IP-Adresse ist sichtbar	Votre adresse IP est visible	Il tuo indirizzo IP è visibile	Seu endereço IP está visível	Ваш IP-адрес виден	عنوان IP الخاص بك ظاهر	आपका IP पता दिख रहा है	您的 IP 地址可见	IPアドレスが表示されています	IP 주소가 노출되어 있습니다	IP adresiniz görünür	Địa chỉ IP của bạn đang lộ	Alamat IP Anda terlihat	Je IP-adres is zichtbaar	Twój adres IP jest widoczny	Ваша IP-адреса видима	ที่อยู่ IP ของคุณมองเห็นได้	Η διεύθυνση IP σας είναι ορατή
SET THEME	ESTABLECER TEMA	DESIGN FESTLEGEN	DÉFINIR LE THÈME	IMPOSTA TEMA	DEFINIR TEMA	УСТАНОВИТЬ ТЕМУ	تعيين السمة	थीम सेट करें	设置主题	テーマを設定	테마 설정	TEMUYI AYARLA	ĐẶT CHỦ ĐỀ	ATUR TEMA	THEMA INSTELLEN	USTAW MOTYW	ВСТАНОВИТИ ТЕМУ	ตั้งธีม	ΟΡΙΣΜΟΣ ΘΕΜΑΤΟΣ
Processing purchase...	Procesando compra...	Kauf wird verarbeitet...	Traitement de l'achat...	Elaborazione acquisto...	Processando compra...	Обработка покупки...	جارٍ معالجة الشراء...	खरीद प्रोसेस हो रही है...	正在处理购买...	購入を処理中...	구매 처리 중...	Satın alma işleniyor...	Đang xử lý mua hàng...	Memproses pembelian...	Aankoop verwerken...	Przetwarzanie zakupu...	Обробка покупки...	กำลังดำเนินการซื้อ...	Επεξεργασία αγοράς...
CONTINUE WITH PREMIUM	CONTINUAR CON PREMIUM	MIT PREMIUM FORTFAHREN	CONTINUER AVEC PREMIUM	CONTINUA CON PREMIUM	CONTINUAR COM PREMIUM	ПРОДОЛЖИТЬ С PREMIUM	المتابعة مع بريميوم	प्रीमियम के साथ जारी रखें	继续使用高级版	プレミアムで続行	프리미엄으로 계속	PREMIUM İLE DEVAM	TIẾP TỤC VỚI PREMIUM	LANJUT DENGAN PREMIUM	DOORGAAN MET PREMIUM	KONTYNUUJ Z PREMIUM	ПРОДОВЖИТИ З PREMIUM	ดำเนินการต่อด้วยพรีเมียม	ΣΥΝΕΧΕΙΑ ΜΕ PREMIUM
Save 10%	Ahorra 10%	10 % sparen	Économisez 10 %	Risparmia il 10%	Economize 10%	Сэкономьте 10%	وفر 10%	10% बचाएँ	节省 10%	10%お得	10% 절약	%10 tasarruf	Tiết kiệm 10%	Hemat 10%	Bespaar 10%	Oszczędź 10%	Зекономте 10%	ประหยัด 10%	Εξοικονομήστε 10%
SAVE 72%	AHORRA 72%	72 % SPAREN	ÉCONOMISEZ 72 %	RISPARMIA IL 72%	ECONOMIZE 72%	СЭКОНОМЬТЕ 72%	وفر 72%	72% बचाएँ	节省 72%	72%お得	72% 절약	%72 TASARRUF	TIẾT KIỆM 72%	HEMAT 72%	BESPAAR 72%	OSZCZĘDŹ 72%	ЗЕКОНОМТЕ 72%	ประหยัด 72%	ΕΞΟΙΚΟΝΟΜΗΣΤΕ 72%
Billed monthly	Facturado mensualmente	Monatlich abgerechnet	Facturé mensuellement	Fatturato mensilmente	Cobrado mensalmente	Ежемесячная оплата	يُفوتر شهريًا	मासिक बिल	按月计费	月額請求	월간 청구	Aylık faturalandırılır	Thanh toán hàng tháng	Ditagih bulanan	Maandelijks gefactureerd	Rozliczane miesięcznie	Оплата щомісяця	เรียกเก็บรายเดือน	Χρέωση μηνιαία
Zero ads	Cero anuncios	Keine Werbung	Zéro pub	Zero annunci	Zero anúncios	Без рекламы	بدون إعلانات	शून्य विज्ञापन	零广告	広告ゼロ	광고 제로	Sıfır reklam	Không quảng cáo	Nol iklan	Geen ads	Zero reklam	Нуль реклами	โฆษณาศูนย์	Μηδέν διαφημίσεις
Forgot password?	¿Olvidaste la contraseña?	Passwort vergessen?	Mot de passe oublié ?	Password dimenticata?	Esqueceu a senha?	Забыли пароль?	نسيت كلمة المرور؟	पासवर्ड भूल गए?	忘记密码？	パスワードをお忘れですか？	비밀번호를 잊으셨나요?	Parolanızı mı unuttunuz?	Quên mật khẩu?	Lupa kata sandi?	Wachtwoord vergeten?	Nie pamiętasz hasła?	Забули пароль?	ลืมรหัสผ่าน?	Ξεχάσατε τον κωδικό;
Sign up	Registrarse	Registrieren	S'inscrire	Registrati	Cadastre-se	Регистрация	إنشاء حساب	साइन अप	注册	サインアップ	가입	Kaydol	Đăng ký	Daftar	Registreren	Zarejestruj się	Зареєструватися	สมัคร	Εγγραφή
SIGN IN WITH GOOGLE	INICIAR SESIÓN CON GOOGLE	MIT GOOGLE ANMELDEN	CONNEXION AVEC GOOGLE	ACCEDI CON GOOGLE	ENTRAR COM O GOOGLE	ВОЙТИ ЧЕРЕЗ GOOGLE	تسجيل الدخول عبر Google	Google से साइन इन	使用 Google 登录	Googleでサインイン	Google로 로그인	GOOGLE İLE GİRİŞ	ĐĂNG NHẬP BẰNG GOOGLE	MASUK DENGAN GOOGLE	INLOGGEN MET GOOGLE	ZALOGUJ PRZEZ GOOGLE	УВІЙТИ ЧЕРЕЗ GOOGLE	ลงชื่อเข้าใช้ด้วย Google	ΣΥΝΔΕΣΗ ΜΕ GOOGLE
Before	Antes	Vorher	Avant	Prima	Antes	До	قبل	पहले	之前	前	이전	Önce	Trước	Sebelum	Voor	Przed	До	ก่อน	Πριν
After (est.)	Después (est.)	Danach (geschätzt)	Après (est.)	Dopo (stim.)	Depois (est.)	После (оценка)	بعد (تقديري)	बाद (अनुमान)	之后（估计）	後（推定）	이후(예상)	Sonra (tah.)	Sau (ước)	Sesudah (perkiraan)	Na (geschat)	Po (szac.)	Після (оцінка)	หลัง (ประมาณ)	Μετά (εκτ.)
Preparing…	Preparando…	Vorbereiten…	Préparation…	Preparazione…	Preparando…	Подготовка…	جارٍ التحضير…	तैयार हो रहा है…	准备中…	準備中…	준비 중…	Hazırlanıyor…	Đang chuẩn bị…	Menyiapkan…	Voorbereiden…	Przygotowanie…	Підготовка…	กำลังเตรียม…	Προετοιμασία…
Other	Otro	Sonstiges	Autre	Altro	Outro	Другое	أخرى	अन्य	其他	その他	기타	Diğer	Khác	Lainnya	Overig	Inne	Інше	อื่นๆ	Άλλο
Loading…	Cargando…	Laden…	Chargement…	Caricamento…	Carregando…	Загрузка…	جارٍ التحميل…	लोड हो रहा है…	加载中…	読み込み中…	로드 중…	Yükleniyor…	Đang tải…	Memuat…	Laden…	Ładowanie…	Завантаження…	กำลังโหลด…	Φόρτωση…
Similar photos	Fotos similares	Ähnliche Fotos	Photos similaires	Foto simili	Fotos semelhantes	Похожие фото	صور متشابهة	समान फ़ोटो	相似照片	類似の写真	비슷한 사진	Benzer fotoğraflar	Ảnh tương tự	Foto serupa	Vergelijkbare foto's	Podobne zdjęcia	Схожі фото	รูปที่คล้ายกัน	Παρόμοιες φωτογραφίες
Bad photos	Fotos malas	Schlechte Fotos	Mauvaises photos	Foto scadenti	Fotos ruins	Плохие фото	صور سيئة	खराब फ़ोटो	劣质照片	不鮮明な写真	나쁜 사진	Kötü fotoğraflar	Ảnh xấu	Foto buruk	Slechte foto's	Złe zdjęcia	Погані фото	รูปคุณภาพต่ำ	Κακές φωτογραφίες
Screenshots	Capturas	Screenshots	Captures d'écran	Screenshot	Capturas de tela	Скриншоты	لقطات الشاشة	स्क्रीनशॉट	截图	スクリーンショット	스크린샷	Ekran görüntüleri	Ảnh chụp màn hình	Tangkapan layar	Screenshots	Zrzuty ekranu	Знімки екрана	ภาพหน้าจอ	Στιγμιότυπα
Old photos	Fotos antiguas	Alte Fotos	Anciennes photos	Foto vecchie	Fotos antigas	Старые фото	صور قديمة	पुरानी फ़ोटो	旧照片	古い写真	오래된 사진	Eski fotoğraflar	Ảnh cũ	Foto lama	Oude foto's	Stare zdjęcia	Старі фото	รูปเก่า	Παλιές φωτογραφίες
Downloads	Descargas	Downloads	Téléchargements	Download	Downloads	Загрузки	التنزيلات	डाउनलोड	下载	ダウンロード	다운로드	İndirilenler	Tải xuống	Unduhan	Downloads	Pobrane	Завантаження	ดาวน์โหลด	Λήψεις
Trash	Papelera	Papierkorb	Corbeille	Cestino	Lixeira	Корзина	سلة المهملات	ट्रैश	回收站	ゴミ箱	휴지통	Çöp kutusu	Thùng rác	Sampah	Prullenbak	Kosz	Кошик	ถังขยะ	Κάδος
Temporary files	Archivos temporales	Temporäre Dateien	Fichiers temporaires	File temporanei	Arquivos temporários	Временные файлы	ملفات مؤقتة	अस्थायी फ़ाइलें	临时文件	一時ファイル	임시 파일	Geçici dosyalar	Tệp tạm	File sementara	Tijdelijke bestanden	Pliki tymczasowe	Тимчасові файли	ไฟล์ชั่วคราว	Προσωρινά αρχεία
Browser data	Datos del navegador	Browserdaten	Données du navigateur	Dati del browser	Dados do navegador	Данные браузера	بيانات المتصفح	ब्राउज़र डेटा	浏览器数据	ブラウザデータ	브라우저 데이터	Tarayıcı verileri	Dữ liệu trình duyệt	Data browser	Browsergegevens	Dane przeglądarki	Дані браузера	ข้อมูลเบราว์เซอร์	Δεδομένα προγράμματος περιήγησης
Visible caches	Cachés visibles	Sichtbare Caches	Caches visibles	Cache visibili	Caches visíveis	Видимый кэш	ذاكرات التخزين الظاهرة	दिखाई देने वाला कैश	可见缓存	表示キャッシュ	표시 캐시	Görünür önbellekler	Bộ nhớ đệm hiển thị	Cache terlihat	Zichtbare caches	Widoczne pamięci podręczne	Видимий кеш	แคชที่มองเห็น	Ορατές κρυφές μνήμες
Daily	Diario	Täglich	Quotidien	Giornaliero	Diário	Ежедневно	يوميًا	दैनिक	每天	毎日	매일	Günlük	Hàng ngày	Harian	Dagelijks	Codziennie	Щодня	รายวัน	Καθημερινά
Weekly	Semanal	Wöchentlich	Hebdomadaire	Settimanale	Semanal	Еженедельно	أسبوعيًا	साप्ताहिक	每周	毎週	매주	Haftalık	Hàng tuần	Mingguan	Wekelijks	Co tydzień	Щотижня	รายสัปดาห์	Εβδομαδιαία
Never	Nunca	Nie	Jamais	Mai	Nunca	Никогда	أبدًا	कभी नहीं	从不	なし	안 함	Asla	Không bao giờ	Tidak pernah	Nooit	Nigdy	Ніколи	ไม่เคย	Поτέ
Always	Siempre	Immer	Toujours	Sempre	Sempre	Всегда	دائمًا	हमेशा	始终	常に	항상	Her zaman	Luôn luôn	Selalu	Altijd	Zawsze	Завжди	เสมอ	Πάντα
Frequency	Frecuencia	Häufigkeit	Fréquence	Frequenza	Frequência	Частота	التكرار	आवृत्ति	频率	頻度	빈도	Sıklık	Tần suất	Frekuensi	Frequentie	Częstotliwość	Частота	ความถี่	Συχνότητα
Reports	Informes	Berichte	Rapports	Report	Relatórios	Отчёты	التقارير	रिपोर्ट	报告	レポート	보고서	Raporlar	Báo cáo	Laporan	Rapporten	Raporty	Звіти	รายงาน	Αναφορές
Remove ads	Quitar anuncios	Werbung entfernen	Supprimer les pubs	Rimuovi annunci	Remover anúncios	Убрать рекламу	إزالة الإعلانات	विज्ञापन हटाएँ	移除广告	広告を削除	광고 제거	Reklamları kaldır	Gỡ quảng cáo	Hapus iklan	Ads verwijderen	Usuń reklamy	Прибрати рекламу	ลบโฆษณา	Αφαίρεση διαφημίσεων
freed up	liberado	freigegeben	libéré	liberato	liberado	освобождено	تم تحريره	खाली किया	已释放	解放済み	확보됨	boşaltıldı	đã giải phóng	dibebaskan	vrijgemaakt	zwolnione	звільнено	เพิ่มพื้นที่แล้ว	ελευθερώθηκε
Custom dashboard	Panel personalizado	Benutzerdefiniertes Dashboard	Tableau de bord personnalisé	Dashboard personalizzata	Painel personalizado	Своя панель	لوحة مخصصة	कस्टम डैशबोर्ड	自定义仪表盘	カスタムダッシュボード	맞춤 대시보드	Özel panosu	Bảng điều khiển tùy chỉnh	Dasbor khusus	Aangepast dashboard	Niestandardowy pulpit	Власна панель	แดชบอร์ดกำหนดเอง	Προσαρμοσμένος πίνακας
Premium includes:	Premium incluye:	Premium umfasst:	Premium inclut :	Premium include:	O Premium inclui:	Premium включает:	يشمل بريميوم:	प्रीमियम में शामिल:	高级版包含：	プレミアムに含まれるもの：	프리미엄 포함:	Premium şunları içerir:	Premium bao gồm:	Premium mencakup:	Premium omvat:	Premium obejmuje:	Premium включає:	พรีเมียมรวม:	Το Premium περιλαμβάνει:
From our customers	De nuestros clientes	Von unseren Kunden	De nos clients	Dai nostri clienti	Dos nossos clientes	От наших клиентов	من عملائنا	हमारे ग्राहकों से	来自我们的客户	お客様の声	고객 후기	Müşterilerimizden	Từ khách hàng của chúng tôi	Dari pelanggan kami	Van onze klanten	Od naszych klientów	Від наших клієнтів	จากลูกค้าของเรา	Από τους πελάτες μας
Agreement	Acuerdo	Vereinbarung	Contrat	Accordo	Acordo	Соглашение	الاتفاقية	समझौता	协议	契約	약관	Sözleşme	Thỏa thuận	Perjanjian	Overeenkomst	Umowa	Угода	ข้อตกลง	Συμφωνία
Google Play	Google Play	Google Play	Google Play	Google Play	Google Play	Google Play	Google Play	Google Play	Google Play	Google Play	Google Play	Google Play	Google Play	Google Play	Google Play	Google Play	Google Play	Google Play	Google Play
Start by adding a payment method	Empieza añadiendo un método de pago	Fügen Sie zuerst eine Zahlungsmethode hinzu	Commencez par ajouter un moyen de paiement	Inizia aggiungendo un metodo di pagamento	Comece adicionando uma forma de pagamento	Сначала добавьте способ оплаты	ابدأ بإضافة طريقة دفع	भुगतान विधि जोड़कर शुरू करें	首先添加付款方式	まずお支払い方法を追加	먼저 결제 수단을 추가하세요	Önce bir ödeme yöntemi ekleyin	Bắt đầu bằng cách thêm phương thức thanh toán	Mulai dengan menambahkan metode pembayaran	Begin met het toevoegen van een betaalmethode	Zacznij od dodania metody płatności	Спочатку додайте спосіб оплати	เริ่มโดยเพิ่มวิธีการชำระเงิน	Ξεκινήστε προσθέτοντας τρόπο πληρωμής
This app is supported by advertisement. You can remove it by becoming a subscriber.	Esta app se financia con publicidad. Puedes quitarla haciéndote suscriptor.	Diese App wird durch Werbung finanziert. Als Abonnent entfernen.	Cette appli est financée par la pub. Devenez abonné pour la retirer.	Questa app è supportata dalla pubblicità. Puoi rimuoverla abbonandoti.	Este app é financiado por anúncios. Remova tornando-se assinante.	Приложение поддерживается рекламой. Уберите её, оформив подписку.	هذا التطبيق مدعوم بالإعلانات. يمكنك إزالتها بالاشتراك.	यह ऐप विज्ञापनों से चलता है। सदस्य बनकर हटा सकते हैं।	本应用由广告支持。成为订阅用户即可移除。	このアプリは広告で提供されています。購読で削除できます。	이 앱은 광고로 지원됩니다. 구독하면 제거할 수 있습니다.	Bu uygulama reklamlarla desteklenir. Abone olarak kaldırabilirsiniz.	Ứng dụng được hỗ trợ bởi quảng cáo. Đăng ký để gỡ bỏ.	Aplikasi ini didukung iklan. Hapus dengan berlangganan.	Deze app wordt ondersteund door ads. Verwijder ze als abonnee.	Ta aplikacja jest wspierana reklamami. Usuń je jako subskrybent.	Програму підтримує реклама. Приберіть її, ставши передплатником.	แอปนี้สนับสนุนด้วยโฆษณา คุณสามารถลบได้โดยสมัครสมาชิก	Η εφαρμογή υποστηρίζεται από διαφημίσεις. Αφαιρέστε τις με συνδρομή.
Allow all files access so Quick Clean can find and delete real junk.	Permite el acceso a todos los archivos para que Limpieza rápida encuentre y elimine basura real.	Erlauben Sie Zugriff auf alle Dateien für die Schnellreinigung.	Autorisez l'accès à tous les fichiers pour le nettoyage rapide.	Consenti l'accesso a tutti i file per la Pulizia rapida.	Permita acesso a todos os arquivos para a Limpeza rápida.	Разрешите доступ ко всем файлам для Быстрой очистки.	اسمح بالوصول إلى كل الملفات للتنظيف السريع.	क्विक क्लीन के लिए सभी फ़ाइल एक्सेस दें।	允许所有文件访问以便快速清理。	クイッククリーンのため全ファイルへのアクセスを許可。	빠른 정리를 위해 모든 파일 액세스를 허용하세요.	Hızlı Temizlik için tüm dosya erişimine izin verin.	Cho phép truy cập mọi tệp để Dọn nhanh.	Izinkan akses semua file untuk Pembersihan Cepat.	Sta toe toegang tot alle bestanden voor Snelle opschoning.	Zezwól na dostęp do wszystkich plików dla Szybkiego czyszczenia.	Дозвольте доступ до всіх файлів для Швидкого очищення.	อนุญาตการเข้าถึงไฟล์ทั้งหมดสำหรับทำความสะอาดด่วน	Επιτρέψτε πρόσβαση σε όλα τα αρχεία για Γρήγορο καθαρισμό.
Personalized advertising allows us to offer some features for free. If you upgrade, you won't see ads.	La publicidad personalizada nos permite ofrecer algunas funciones gratis. Si te actualizas, no verás anuncios.	Personalisierte Werbung ermöglicht einige Funktionen kostenlos. Mit Upgrade keine Werbung.	La publicité personnalisée permet des fonctions gratuites. Avec Premium, pas de pubs.	La pubblicità personalizzata permette alcune funzioni gratis. Con l'upgrade niente annunci.	A publicidade personalizada permite recursos grátis. Com upgrade, sem anúncios.	Персонализированная реклама даёт часть функций бесплатно. С Premium без рекламы.	تتيح الإعلانات المخصصة بعض الميزات مجانًا. بالترقية لن ترى إعلانات.	वैयक्तिक विज्ञापन से कुछ सुविधाएँ मुफ़्त मिलती हैं। अपग्रेड पर विज्ञापन नहीं।	个性化广告让我们免费提供部分功能。升级后无广告。	パーソナライズド広告で一部機能を無料提供。アップグレードで広告なし。	맞춤 광고로 일부 기능을 무료 제공합니다. 업그레이드 시 광고 없음.	Kişiselleştirilmiş reklamlarla bazı özellikler ücretsiz. Yükseltince reklam yok.	Quảng cáo cá nhân hóa giúp cung cấp một số tính năng miễn phí. Nâng cấp thì không còn quảng cáo.	Iklan personal memungkinkan fitur gratis. Upgrade = tanpa iklan.	Gepersonaliseerde ads maken sommige functies gratis. Upgrade = geen ads.	Spersonalizowane reklamy dają część funkcji za darmo. Po ulepszeniu bez reklam.	Персоналізована реклама дає частину функцій безкоштовно. З Premium без реклами.	โฆษณาที่ปรับให้เหมาะช่วยมอบฟีเจอร์บางอย่างฟรี อัปเกรดแล้วไม่มีโฆษณา	Η εξατομικευμένη διαφήμιση δίνει ορισμένες λειτουργίες δωρεάν. Με αναβάθμιση χωρίς διαφημίσεις.
Read more in our Consent Policy.	Lee más en nuestra Política de consentimiento.	Mehr in unserer Einwilligungsrichtlinie.	En savoir plus dans notre politique de consentement.	Leggi di più nella nostra Informativa sul consenso.	Leia mais em nossa Política de consentimento.	Подробнее в Политике согласия.	اقرأ المزيد في سياسة الموافقة.	सहमति नीति में और पढ़ें।	详见我们的同意政策。	同意ポリシーで詳しく。	동의 정책에서 자세히 보기.	Onay Politikamızda daha fazla okuyun.	Đọc thêm trong Chính sách đồng ý.	Baca selengkapnya di Kebijakan Persetujuan.	Lees meer in ons toestemmingsbeleid.	Więcej w Polityce zgody.	Докладніше в Політиці згоди.	อ่านเพิ่มในนโยบายความยินยอม	Διαβάστε περισσότερα στην Πολιτική συγκατάθεσης.
We'll guide you through your first cleanup.	Te guiaremos en tu primera limpieza.	Wir führen dich durch deine erste Reinigung.	Nous vous guidons pour votre premier nettoyage.	Ti guideremo nella prima pulizia.	Vamos guiar sua primeira limpeza.	Мы проведём вас через первую очистку.	سنرشدك خلال أول تنظيف.	हम आपकी पहली सफ़ाई में मार्गदर्शन करेंगे।	我们将引导您完成首次清理。	初めてのクリーンをガイドします。	첫 정리를 안내해 드립니다.	İlk temizliğinizde size rehberlik edeceğiz.	Chúng tôi sẽ hướng dẫn lần dọn đầu tiên.	Kami akan memandu pembersihan pertama Anda.	We begeleiden je bij je eerste opschoning.	Poprowadzimy Cię przez pierwsze czyszczenie.	Ми проведемо вас через перше очищення.	เราจะพาคุณทำความสะอาดครั้งแรก	Θα σας καθοδηγήσουμε στον πρώτο καθαρισμό.
